id	title	description	link	image_link	additional_image_link	price	sale_price	sale_price_effective_date	currency	availability	shipping_weight	expiration_date	brand	condition	product_type	google_product_category	payment_accepted
564	Madison Island VIP Membership - 1 Year	Membership is valid for ONE YEAR from the date of purchase. Members are allowed unlimited purchases with VIP pricing, however purchases are not for resale. Madison Island may, in its sole discretion, choose not to process or to cancel your order in certain circumstances. This may occur, for example, when the product you wish to purchase is out of stock, mispriced, or if we suspect the request is fraudulent.	http://127.0.0.1/magento/madison-island-vip-membership-1-year.html	http://127.0.0.1/magento/media/catalog/product/v/i/vip_membership.jpg	 	350.00	 	 	USD	in stock	 	2024-04-16	 	new	 	 	AmericanExpress,Cash,Check,Discover,MasterCard,Visa,WireTransfer
337	Aviator Sunglasses	Gunmetal frame with crystal gradient polycarbonate lenses in grey.	http://127.0.0.1/magento/aviator-sunglasses.html	http://127.0.0.1/magento/media/catalog/product/a/c/ace000a_1.jpg	http://127.0.0.1/magento/media/catalog/product/a/c/ace000b_1.jpg	295.00	 	 	USD	in stock	1.0000 kg	2024-04-16	 	new	 	 	AmericanExpress,Cash,Check,Discover,MasterCard,Visa,WireTransfer
338	Jackie O Round Sunglasses	Acetate frame. Polycarbonate lenses.	http://127.0.0.1/magento/jackie-o-round-sunglasses.html	http://127.0.0.1/magento/media/catalog/product/a/c/ace001_1.jpg	 	295.00	225.00	2013-03-05T00:00:00-08:00/2024-04-16T23:59:59-07:00	USD	in stock	1.0000 kg	2024-04-16	 	new	 	 	AmericanExpress,Cash,Check,Discover,MasterCard,Visa,WireTransfer
339	Retro Chic Eyeglasses	Acetate frame. Polycarbonate lenses.	http://127.0.0.1/magento/retro-chic-eyeglasses.html	http://127.0.0.1/magento/media/catalog/product/a/c/ace002a_1.jpg	http://127.0.0.1/magento/media/catalog/product/a/c/ace002b_1.jpg	295.00	 	 	USD	in stock	1.0000 kg	2024-04-16	 	new	 	 	AmericanExpress,Cash,Check,Discover,MasterCard,Visa,WireTransfer
406	Linen Blazer	Single vented, notched lapels. Flap pockets. Tonal stitching. Fully lined. Linen. Dry clean.	http://127.0.0.1/magento/linen-blazer-580.html	http://127.0.0.1/magento/media/catalog/product/m/s/msj012t_2.jpg	http://127.0.0.1/magento/media/catalog/product/m/s/msj012a_2.jpg,http://127.0.0.1/magento/media/catalog/product/m/s/msj012b.jpg	455.00	 	 	USD	in stock	 	2024-04-16	 	new	 	 	AmericanExpress,Cash,Check,Discover,MasterCard,Visa,WireTransfer
410	Chelsea Tee	Ultrasoft, lightweight V-neck tee. 100% cotton. Machine wash.	http://127.0.0.1/magento/chelsea-tee-703.html	http://127.0.0.1/magento/media/catalog/product/m/t/mtk004t.jpg	http://127.0.0.1/magento/media/catalog/product/m/t/mtk004a_2.jpg,http://127.0.0.1/magento/media/catalog/product/m/t/mtk000t_2.jpg,http://127.0.0.1/magento/media/catalog/product/m/t/mtk002t_2.jpg	75.00	 	 	USD	in stock	 	2024-04-16	 	new	 	 	AmericanExpress,Cash,Check,Discover,MasterCard,Visa,WireTransfer
418	Tori Tank	Ribbed scoop neck tank. 100% cotton.Machine wash.	http://127.0.0.1/magento/tori-tank-587.html	http://127.0.0.1/magento/media/catalog/product/w/b/wbk003t.jpg	http://127.0.0.1/magento/media/catalog/product/w/b/wbk003a.jpg,http://127.0.0.1/magento/media/catalog/product/w/b/wbk003b.jpg	60.00	 	 	USD	in stock	 	2024-04-16	 	new	 	 	AmericanExpress,Cash,Check,Discover,MasterCard,Visa,WireTransfer
421	Elizabeth Knit Top	Loose fitting from the shoulders, open weave knit top. Semi sheer. Slips on. Faux button closure detail on the back. Linen/Cotton. Machine wash.	http://127.0.0.1/magento/elizabeth-knit-top-593.html	http://127.0.0.1/magento/media/catalog/product/w/b/wbk012t.jpg	http://127.0.0.1/magento/media/catalog/product/w/b/wbk012.jpg,http://127.0.0.1/magento/media/catalog/product/w/b/wbk012b_4.jpg,http://127.0.0.1/magento/media/catalog/product/w/b/wbk012c-royal-blue.jpg,http://127.0.0.1/magento/media/catalog/product/w/b/wbk012c-pink.jpg,http://127.0.0.1/magento/media/catalog/product/w/b/wbk012c-red.jpg	210.00	 	 	USD	in stock	 	2024-04-16	 	new	 	 	AmericanExpress,Cash,Check,Discover,MasterCard,Visa,WireTransfer
423	Racer Back Maxi Dress	Racer back maxi dress. Pull over style. Loose fitting. Straight skirt falls to floor. Viscose.	http://127.0.0.1/magento/racer-back-maxi-dress-603.html	http://127.0.0.1/magento/media/catalog/product/w/s/wsd005t_2.jpg	http://127.0.0.1/magento/media/catalog/product/w/s/wsd005a.jpg,http://127.0.0.1/magento/media/catalog/product/w/s/wsd005b_2.jpg	280.00	224.00	2013-05-10T00:00:00-07:00/2024-04-16T23:59:59-07:00	USD	in stock	 	2024-04-16	 	new	 	 	AmericanExpress,Cash,Check,Discover,MasterCard,Visa,WireTransfer
425	Lafayette Convertible Dress	Two sash, convertible neckline with front ruffle detail. Unhemmed, visisble seams. Hidden side zipper. Unlined. Wool/elastane. Hand wash.	http://127.0.0.1/magento/lafayette-convertible-dress.html	http://127.0.0.1/magento/media/catalog/product/w/s/wsd013t.jpg	http://127.0.0.1/magento/media/catalog/product/w/s/wsd013a_2.jpg,http://127.0.0.1/magento/media/catalog/product/w/s/wsd013b_2.jpg	340.00	 	 	USD	in stock	 	2024-04-16	 	new	 	 	AmericanExpress,Cash,Check,Discover,MasterCard,Visa,WireTransfer
448	A Tale of Two Cities	Novel by Charles Dickens, published both serially and in book form in 1859. The story is set in the late 18th century against the background of the French Revolution.While political events drive the story, Dickens takes a decidedly antipolitical tone, lambasting both aristocratic tyranny and revolutionary excess--the latter memorably caricatured in Madame Defarge, who knits beside the guillotine. The book is perhaps best known for its opening lines, It was the best of times, it was the worst of times, and for Carton's last speech, in which he says of his replacing Darnay in a prison cell, It is a far, far better thing that I do, than I have ever done; it is a far, far better rest that I go to, than I have ever known.	http://127.0.0.1/magento/a-tale-of-two-cities.html	http://127.0.0.1/magento/media/catalog/product/t/a/tale_two_cities_1_1.jpg	 	10.00	 	 	USD	in stock	 	2024-04-16	 	new	 	 	AmericanExpress,Cash,Check,Discover,MasterCard,Visa,WireTransfer
450	Alice in Wonderland	After a tumble down the rabbit hole, Alice finds herself far away from home in the absurd world of Wonderland. As mind-bending as it is delightful, Lewis Carrollâ€™s 1865 novel is pure magic for young and old alike. 96pp. Downloadable as pdf.	http://127.0.0.1/magento/alice-in-wonderland.html	http://127.0.0.1/magento/media/catalog/product/a/l/alice_wonderland.jpeg	 	5.00	 	 	USD	in stock	 	2024-04-16	 	new	 	 	AmericanExpress,Cash,Check,Discover,MasterCard,Visa,WireTransfer
456	Khaki Bowery Chino Pants	Straight leg chino. Back pockets with button closure. 14 leg opening. Zip fly. 100% cotton.	http://127.0.0.1/magento/khaki-bowery-chino-pants.html	http://127.0.0.1/magento/media/catalog/product/m/p/mpd000t.jpg	http://127.0.0.1/magento/media/catalog/product/m/p/mpd000a_2.jpg,http://127.0.0.1/magento/media/catalog/product/m/p/mpd000b_2.jpg,http://127.0.0.1/magento/media/catalog/product/m/p/mpd000c_2.jpg,http://127.0.0.1/magento/media/catalog/product/m/p/mpd003t_1.jpg	140.00	 	 	USD	in stock	 	2024-04-16	 	new	 	 	AmericanExpress,Cash,Check,Discover,MasterCard,Visa,WireTransfer
557	Around the World in 80 Days	For a bet, Phileas Fogg sets out with his servant Passeportout to achieve an incredible journey - from London to Paris, Brindisi, Suez, Bombay, Calcutta, Singapore, Hong Kong, San Francisco, New York and back to London again, all in just eighty days. There are many alarms and surprises along the way - and a last minute setback that makes all the difference between winning and losing.	http://127.0.0.1/magento/around-the-world-in-80-days.html	http://127.0.0.1/magento/media/catalog/product/8/0/80_days.jpg	 	5.00	 	 	USD	in stock	 	2024-04-16	 	new	 	 	AmericanExpress,Cash,Check,Discover,MasterCard,Visa,WireTransfer
558	Falling by I Am Not Lefthanded	Falling by I Am Not Lefthanded. Album: Yes Means No. Running time 3:16. Downloadable as mp3.	http://127.0.0.1/magento/falling-by-i-am-not-lefthanded.html	http://127.0.0.1/magento/media/catalog/product/l/e/lefthanded.png	 	2.00	 	 	USD	in stock	 	2024-04-16	 	new	 	 	AmericanExpress,Cash,Check,Discover,MasterCard,Visa,WireTransfer
559	If You Were by Keshco	If You Were by Keshco. Album: Trolley Crash. Duration: 3:31. Downloadable as mp3.	http://127.0.0.1/magento/if-you-were-by-keshco.html	http://127.0.0.1/magento/media/catalog/product/k/e/keshco.jpg	 	2.00	 	 	USD	in stock	 	2024-04-16	 	new	 	 	AmericanExpress,Cash,Check,Discover,MasterCard,Visa,WireTransfer
560	Can't Stop It by Shearer	Can't Stop It by Shearer. Album: Eve. Duration: 2:49. Downloadable as mp3.	http://127.0.0.1/magento/can-t-stop-it-by-shearer.html	http://127.0.0.1/magento/media/catalog/product/s/h/shearer_2.jpg	http://127.0.0.1/magento/media/catalog/product/s/h/shearer__2.jpg	2.00	 	 	USD	in stock	 	2024-04-16	 	new	 	 	AmericanExpress,Cash,Check,Discover,MasterCard,Visa,WireTransfer
561	Love is an Eternal Lie by The Sleeping Tree	Love is an Eternal Lie by The Sleeping Tree. Album: Music to Accompany the World Traveller. Duration: 3:11. Downloadable as mp3.	http://127.0.0.1/magento/love-is-an-eternal-lie-by-the-sleeping-tree.html	http://127.0.0.1/magento/media/catalog/product/s/l/sleepingtree_1.jpg	 	2.00	 	 	USD	in stock	 	2024-04-16	 	new	 	 	AmericanExpress,Cash,Check,Discover,MasterCard,Visa,WireTransfer
563	Fire [Kalima remix] by Unannounced Guest	Fire [Kalima remix] by Unannounced Guest. Duration: 2:48. Downloadable as mp3.	http://127.0.0.1/magento/fire-kalima-remix-by-unannounced-guest.html	http://127.0.0.1/magento/media/catalog/product/u/n/unannouncedguest.jpg	 	2.00	 	 	USD	in stock	 	2024-04-16	 	new	 	 	AmericanExpress,Cash,Check,Discover,MasterCard,Visa,WireTransfer
428	Park Avenue Pleat Front Trousers	Wide leg pant, front pleat detail. Sits on natural waist. Wool, unlined. Dry clean.	http://127.0.0.1/magento/park-avenue-pleat-front-trousers-663.html	http://127.0.0.1/magento/media/catalog/product/w/p/wpd010t.jpg	http://127.0.0.1/magento/media/catalog/product/w/p/wpd010a.jpg,http://127.0.0.1/magento/media/catalog/product/w/p/wpd010b_4.jpg	245.00	 	 	USD	in stock	 	2024-04-16	 	new	 	 	AmericanExpress,Cash,Check,Discover,MasterCard,Visa,WireTransfer
378	Body Wash with Lemon Flower Extract and Aloe Vera	Lemon flower and Aloe Vera extract. Super moisturizing.	http://127.0.0.1/magento/body-wash-with-lemon-flower-extract-and-aloe-vera.html	http://127.0.0.1/magento/media/catalog/product/h/d/hdb000_1.jpg	 	28.00	 	 	USD	in stock	1.0000 kg	2024-04-16	 	new	 	 	AmericanExpress,Cash,Check,Discover,MasterCard,Visa,WireTransfer
380	Shea Enfused Hydrating Body Lotion	Milk and shea extracts. Long lasting moisturizer. 100% natural and gentle enough for sensitive skin. Fast absorbing. Non greasy. 250mL/8.4oz. Domestic.	http://127.0.0.1/magento/shea-enfused-hydrating-body-lotion.html	http://127.0.0.1/magento/media/catalog/product/h/d/hdb002_1.jpg	 	28.00	 	 	USD	in stock	1.0000 kg	2024-04-16	 	new	 	 	AmericanExpress,Cash,Check,Discover,MasterCard,Visa,WireTransfer
381	Titian Raw Silk Pillow	20 x 20 . Raw Silk. Hidden zipper closure. Interior pillow included. 100% polyester fill. Dry clean. Imported.	http://127.0.0.1/magento/titian-raw-silk-pillow.html	http://127.0.0.1/magento/media/catalog/product/h/d/hdb005_1.jpg	 	125.00	 	 	USD	in stock	1.0000 kg	2024-04-16	 	new	 	 	AmericanExpress,Cash,Check,Discover,MasterCard,Visa,WireTransfer
382	Shay Printed Pillow	20 x 20 . Printed polyester. Hidden zipper closure. Interior pillow included. 100% polyester fill. Spot clean. Imported.	http://127.0.0.1/magento/shay-printed-pillow.html	http://127.0.0.1/magento/media/catalog/product/h/d/hdb006_1.jpg	 	210.00	 	 	USD	in stock	1.0000 kg	2024-04-16	 	new	 	 	AmericanExpress,Cash,Check,Discover,MasterCard,Visa,WireTransfer
383	Carnegie Alpaca Throw	Woven alpaca wool. 4 fringe detail. Dry clean. Imported.	http://127.0.0.1/magento/carnegie-alpaca-throw.html	http://127.0.0.1/magento/media/catalog/product/h/d/hdb007_1.jpg	 	275.00	 	 	USD	in stock	1.0000 kg	2024-04-16	 	new	 	 	AmericanExpress,Cash,Check,Discover,MasterCard,Visa,WireTransfer
384	Park Row Throw	Woven acrylic/wool/cotton. 50 x 75 . Spot clean.	http://127.0.0.1/magento/park-row-throw.html	http://127.0.0.1/magento/media/catalog/product/h/d/hdb008_1.jpg	 	240.00	120.00	2013-03-05T00:00:00-08:00/2024-04-16T23:59:59-07:00	USD	in stock	1.0000 kg	2024-04-16	 	new	 	 	AmericanExpress,Cash,Check,Discover,MasterCard,Visa,WireTransfer
385	Gramercy Throw	Woven cotton. 60 x 72 . Machine wash.	http://127.0.0.1/magento/gramercy-throw.html	http://127.0.0.1/magento/media/catalog/product/h/d/hdb009_1.jpg	 	275.00	 	 	USD	in stock	1.0000 kg	2024-04-16	 	new	 	 	AmericanExpress,Cash,Check,Discover,MasterCard,Visa,WireTransfer
402	French Cuff Cotton Twill Oxford	Button front. Long sleeves. Tapered collar, chest pocket, french cuffs.	http://127.0.0.1/magento/french-cuff-cotton-twill-oxford-570.html	http://127.0.0.1/magento/media/catalog/product/m/s/msj000t_2.jpg	http://127.0.0.1/magento/media/catalog/product/m/s/msj000a_2.jpg,http://127.0.0.1/magento/media/catalog/product/m/s/msj000c_2.jpg	190.00	 	 	USD	in stock	 	2024-04-16	 	new	 	 	AmericanExpress,Cash,Check,Discover,MasterCard,Visa,WireTransfer
403	Slim fit Dobby Oxford Shirt	Tailored/Slim fit. Long sleeves. Button cuff. Cotton. Imported.	http://127.0.0.1/magento/slim-fit-dobby-oxford-shirt-572.html	http://127.0.0.1/magento/media/catalog/product/m/s/msj003t_2.jpg	http://127.0.0.1/magento/media/catalog/product/m/s/msj003a_2.jpg,http://127.0.0.1/magento/media/catalog/product/m/s/msj003b_2.jpg	175.00	140.00	2013-03-05T00:00:00-08:00/2024-04-16T23:59:59-07:00	USD	in stock	 	2024-04-16	 	new	 	 	AmericanExpress,Cash,Check,Discover,MasterCard,Visa,WireTransfer
404	Plaid Cotton Shirt	Available in Sharp fit. Refined collar. Button cuff. Cotton. Machine wash. Made in US.	http://127.0.0.1/magento/plaid-cotton-shirt-574.html	http://127.0.0.1/magento/media/catalog/product/m/s/msj006t.jpg	http://127.0.0.1/magento/media/catalog/product/m/s/msj006a.jpg,http://127.0.0.1/magento/media/catalog/product/m/s/msj006b_2.jpg,http://127.0.0.1/magento/media/catalog/product/s/w/swatch_msj006c-khaki.png,http://127.0.0.1/magento/media/catalog/product/s/w/swatch_msj006c-royal-blue.png,http://127.0.0.1/magento/media/catalog/product/s/w/swatch_msj006c-charcoal.png,http://127.0.0.1/magento/media/catalog/product/s/w/swatch_msj006c-red.png	160.00	 	 	USD	in stock	 	2024-04-16	 	new	 	 	AmericanExpress,Cash,Check,Discover,MasterCard,Visa,WireTransfer
417	NoLIta Cami	Silk cami. Tie front detail, with hook and eye. Ruched neckline. Loose through the chest and bodice. 100% Silk. Dry clean.	http://127.0.0.1/magento/nolita-cami-588.html	http://127.0.0.1/magento/media/catalog/product/w/b/wbk000t.jpg	http://127.0.0.1/magento/media/catalog/product/w/b/wbk000a.jpg,http://127.0.0.1/magento/media/catalog/product/w/b/wbk000b_2.jpg,http://127.0.0.1/magento/media/catalog/product/w/b/wbk002a_1.jpg	150.00	 	 	USD	in stock	 	2024-04-16	 	new	 	 	AmericanExpress,Cash,Check,Discover,MasterCard,Visa,WireTransfer
419	Delancy Cardigan Sweater	Oversized knitted silk blend cardigan. Front button closure. Ribbed hem. Silk/rayon. Dry clean.	http://127.0.0.1/magento/delancy-cardigan-sweater-589.html	http://127.0.0.1/magento/media/catalog/product/w/b/wbk006t_2.jpg	http://127.0.0.1/magento/media/catalog/product/w/b/wbk006a.jpg,http://127.0.0.1/magento/media/catalog/product/w/b/wbk006b.jpg	275.00	 	 	USD	in stock	 	2024-04-16	 	new	 	 	AmericanExpress,Cash,Check,Discover,MasterCard,Visa,WireTransfer
420	Ludlow Oxford Top	Oxford, fitted through the waist. V-neck, front button closure.100% cotton. Machine wash.	http://127.0.0.1/magento/ludlow-oxford-top-591.html	http://127.0.0.1/magento/media/catalog/product/w/b/wbk009t.jpg	http://127.0.0.1/magento/media/catalog/product/w/b/wbk009a_2.jpg,http://127.0.0.1/magento/media/catalog/product/w/b/wbk009c_2.jpg	185.00	 	 	USD	in stock	 	2024-04-16	 	new	 	 	AmericanExpress,Cash,Check,Discover,MasterCard,Visa,WireTransfer
447	Pillow and Throw Set	Includes a choice between Titian Raw Silk Pillow or Shay Printed Pillow and our Carnegia Alpaca Throw or Park Row Throw or Gramercy Throw.	http://127.0.0.1/magento/pillow-and-throw-set.html	http://127.0.0.1/magento/media/catalog/product/h/d/hdb010.jpg	http://127.0.0.1/magento/media/catalog/product/h/d/hdb009_2.jpg,http://127.0.0.1/magento/media/catalog/product/h/d/hdb008_2.jpg,http://127.0.0.1/magento/media/catalog/product/h/d/hdb006_2.jpg,http://127.0.0.1/magento/media/catalog/product/h/d/hdb007_2.jpg,http://127.0.0.1/magento/media/catalog/product/h/d/hdb005_2.jpg	245.00	 	 	USD	in stock	 	2024-04-16	 	new	 	 	AmericanExpress,Cash,Check,Discover,MasterCard,Visa,WireTransfer
549	Blue Horizons Bracelets	Set of 3. Glass beads on metal band. 2.75 diameter. Made in India.	http://127.0.0.1/magento/blue-horizons-bracelets.html	http://127.0.0.1/magento/media/catalog/product/a/c/acj006_2.jpg	 	55.00	 	 	USD	in stock	0.2500 kg	2024-04-16	 	new	 	 	AmericanExpress,Cash,Check,Discover,MasterCard,Visa,WireTransfer
551	Pearl Stud Earrings	AA& quality 6.5mm pearl. 14K gold post. Made in Indonesia.	http://127.0.0.1/magento/pearl-stud-earrings.html	http://127.0.0.1/magento/media/catalog/product/a/c/acj003_2.jpg	 	110.00	 	 	USD	in stock	0.2500 kg	2024-04-16	 	new	 	 	AmericanExpress,Cash,Check,Discover,MasterCard,Visa,WireTransfer
552	Swing Time Earrings	Carved horn. Sterling silver hook. 2.25 . Made in Haiti.	http://127.0.0.1/magento/swing-time-earrings.html	http://127.0.0.1/magento/media/catalog/product/a/c/acj004_2.jpg	 	75.00	 	 	USD	in stock	0.5000 kg	2024-04-16	 	new	 	 	AmericanExpress,Cash,Check,Discover,MasterCard,Visa,WireTransfer
553	Silver Desert Necklace	Traditional Tuareg design on hand-hammered and chiseled silver. The Tuareg of Saharan Africa are known for their decorative jewelry craft. 16 . Silver, stone beads. Made in Niger.	http://127.0.0.1/magento/silver-desert-necklace.html	http://127.0.0.1/magento/media/catalog/product/a/c/acj000_2.jpg	 	210.00	 	 	USD	in stock	1.0000 kg	2024-04-16	 	new	 	 	AmericanExpress,Cash,Check,Discover,MasterCard,Visa,WireTransfer
554	Swiss Movement Sports Watch	Swiss quartz movement. Date function. 3-hands. Notch markers. Round, stainless steel case (42 mm x 15 x 13) and link strap (19mm x 8.25 ); Traditional clasp. Pull-out crown. Water resistant 125 feet.	http://127.0.0.1/magento/swiss-movement-sports-watch.html	http://127.0.0.1/magento/media/catalog/product/a/c/acj005_2.jpg	 	500.00	 	 	USD	in stock	1.2500 kg	2024-04-16	 	new	 	 	AmericanExpress,Cash,Check,Discover,MasterCard,Visa,WireTransfer
555	Pearl Necklace Set	AA& quality 6.0-6.5mm pearls. Double knotted on silk thread. 24 strand. 14K gold hook-and-eye clasp. Made in Indonesia.	http://127.0.0.1/magento/pearl-necklace-set-test.html	http://127.0.0.1/magento/media/catalog/product/a/c/acj007_1_2.jpg	 	110.00	 	 	USD	in stock	 	2024-04-16	 	new	 	 	AmericanExpress,Cash,Check,Discover,MasterCard,Visa,WireTransfer
414	Bowery Chino Pants	Straight leg chino. Back pockets with button closure. 14 leg opening. Zip fly. 100% cotton.	http://127.0.0.1/magento/bowery-chino-pants-541.html	http://127.0.0.1/magento/media/catalog/product/m/p/mpd003t.jpg	http://127.0.0.1/magento/media/catalog/product/m/p/mpd003a_2.jpg,http://127.0.0.1/magento/media/catalog/product/m/p/mpd003b_2.jpg	140.00	 	 	USD	in stock	 	2024-04-16	 	new	 	 	AmericanExpress,Cash,Check,Discover,MasterCard,Visa,WireTransfer
392	Madison LX2200	10x Optical Zoom with 24mm Wide-angle and close up.10.7-megapixel backside illuminated CMOS sensor for low light shooting. 3 Multi-angle LCD. SD/SDXC slot. Full HD Video. High speed continuous shooting (up to 5 shots in approx one second) Built in GPS. Easy Panorama. Rechargable Li-ion battery. File formats: Still-JPEG, Audio- WAV, Movies-MOV. Image size: up to 4600x3400. Built in flash. 3.5 x 5 x 4 . 20oz.	http://127.0.0.1/magento/madison-lx2200.html	http://127.0.0.1/magento/media/catalog/product/h/d/hde001t_2.jpg	http://127.0.0.1/magento/media/catalog/product/h/d/hde001a.jpg,http://127.0.0.1/magento/media/catalog/product/h/d/hde001b.jpg	425.00	 	 	USD	in stock	1.0000 kg	2024-04-16	 	new	 	 	AmericanExpress,Cash,Check,Discover,MasterCard,Visa,WireTransfer
393	Madison RX3400	18-55mm zoom lens. 3.0 LCD display with image editing features. Built in flash with flash modes and pop up. SD/SDXC slot. Full 1080p HD video. Rechargable Lithium-Ion battery. File formats: NEF (RAW), JPEG, MOV. 5 x 3 x 4 , 15oz.	http://127.0.0.1/magento/madison-rx3400.html	http://127.0.0.1/magento/media/catalog/product/h/d/hde003a_2.jpg	http://127.0.0.1/magento/media/catalog/product/h/d/hde003b_.jpg	715.00	 	 	USD	in stock	1.0000 kg	2024-04-16	 	new	 	 	AmericanExpress,Cash,Check,Discover,MasterCard,Visa,WireTransfer
408	Chelsea Tee	Ultrasoft, lightweight V-neck tee. 100% cotton. Machine wash.	http://127.0.0.1/magento/chelsea-tee-701.html	http://127.0.0.1/magento/media/catalog/product/m/t/mtk000t.jpg	http://127.0.0.1/magento/media/catalog/product/m/t/mtk000a.jpg,http://127.0.0.1/magento/media/catalog/product/m/t/mtk000b_2.jpg,http://127.0.0.1/magento/media/catalog/product/m/t/mtk002t_1.jpg,http://127.0.0.1/magento/media/catalog/product/m/t/mtk004t_1.jpg	75.00	 	 	USD	in stock	 	2024-04-16	 	new	 	 	AmericanExpress,Cash,Check,Discover,MasterCard,Visa,WireTransfer
409	Chelsea Tee	Ultrasoft, lightweight V-neck tee. 100% cotton. Machine wash.	http://127.0.0.1/magento/chelsea-tee-702.html	http://127.0.0.1/magento/media/catalog/product/m/t/mtk002t.jpg	http://127.0.0.1/magento/media/catalog/product/m/t/mtk002a.jpg,http://127.0.0.1/magento/media/catalog/product/m/t/mtk004t_2.jpg,http://127.0.0.1/magento/media/catalog/product/m/t/mtk000t_1.jpg	75.00	 	 	USD	in stock	 	2024-04-16	 	new	 	 	AmericanExpress,Cash,Check,Discover,MasterCard,Visa,WireTransfer
411	Merino V-neck Pullover Sweater	Long sleeve, pull over style. V-neck. Relaxed fit through the chest. Ribbed neckline, cuff and hem. 100% Merino wool. Dry clean.	http://127.0.0.1/magento/merino-v-neck-pullover-sweater-556.html	http://127.0.0.1/magento/media/catalog/product/m/t/mtk006t.jpg	http://127.0.0.1/magento/media/catalog/product/m/t/mtk006a.jpg,http://127.0.0.1/magento/media/catalog/product/m/t/mtk006b.jpg,http://127.0.0.1/magento/media/catalog/product/m/t/mtk006c_2.jpg	210.00	 	 	USD	in stock	 	2024-04-16	 	new	 	 	AmericanExpress,Cash,Check,Discover,MasterCard,Visa,WireTransfer
412	Lexington Cardigan Sweater	V-neck cardigan. Mother of pearl front button closure. Two dart pockets. Ribbed cuff and hem. 100% cotton. Hand wash.	http://127.0.0.1/magento/lexington-cardigan-sweater-561.html	http://127.0.0.1/magento/media/catalog/product/m/t/mtk009t.jpg	http://127.0.0.1/magento/media/catalog/product/m/t/mtk009a.jpg,http://127.0.0.1/magento/media/catalog/product/m/t/mtk009b_2.jpg	180.00	 	 	USD	in stock	 	2024-04-16	 	new	 	 	AmericanExpress,Cash,Check,Discover,MasterCard,Visa,WireTransfer
413	Core Striped Sport Shirt	Slim fit. Two chest pockets. Silver grommet detail. Grinding and nicking at hems. 100% cotton.	http://127.0.0.1/magento/core-striped-sport-shirt-547.html	http://127.0.0.1/magento/media/catalog/product/m/t/mtk012t.jpg	http://127.0.0.1/magento/media/catalog/product/m/t/mtk012a.jpg,http://127.0.0.1/magento/media/catalog/product/m/t/mtk012b.jpg	125.00	 	 	USD	in stock	 	2024-04-16	 	new	 	 	AmericanExpress,Cash,Check,Discover,MasterCard,Visa,WireTransfer
426	TriBeCa Skinny Jean	Ultra slim-fit, stretch denim. Mid rise. 5 pockets, tonal stitching,. Cotton. Machine wash.	http://127.0.0.1/magento/tribeca-skinny-jean.html	http://127.0.0.1/magento/media/catalog/product/w/p/wpd000t.jpg	http://127.0.0.1/magento/media/catalog/product/w/p/wpd000a_2.jpg,http://127.0.0.1/magento/media/catalog/product/w/p/wpd000b_2.jpg,http://127.0.0.1/magento/media/catalog/product/w/p/wpd000c_2.jpg	185.00	 	 	USD	in stock	 	2024-04-16	 	new	 	 	AmericanExpress,Cash,Check,Discover,MasterCard,Visa,WireTransfer
427	DUMBO Boyfriend Jean	Straight leg boyfriend-fit. Distressed denim. 5 pockets. Contrast stitch detailing. Large to size, choose size down. Machine wash.	http://127.0.0.1/magento/dumbo-boyfriend-jean.html	http://127.0.0.1/magento/media/catalog/product/w/p/wpd005t.jpg	http://127.0.0.1/magento/media/catalog/product/w/p/wpd005a.jpg,http://127.0.0.1/magento/media/catalog/product/w/p/wpd005b_2.jpg	210.00	 	 	USD	in stock	 	2024-04-16	 	new	 	 	AmericanExpress,Cash,Check,Discover,MasterCard,Visa,WireTransfer
430	Barclay d'Orsay pump, Nude	Leather. 3.5 heel. Peep toe and ankle strap. Leather insole and lining.	http://127.0.0.1/magento/barclay-d-orsay-pump-nude.html	http://127.0.0.1/magento/media/catalog/product/a/w/aws000a_2.jpg	http://127.0.0.1/magento/media/catalog/product/a/w/aws000b_2.jpg	390.00	 	 	USD	in stock	 	2024-04-16	 	new	 	 	AmericanExpress,Cash,Check,Discover,MasterCard,Visa,WireTransfer
431	Ann Ankle Boot	Leather. Inside zipper. 3-button outside detail. 4.5 heel, 1 platform, 3.5 equiv. Leather insole and lining. Red sole. Made in Italy.	http://127.0.0.1/magento/borgha-ankle-boot-546.html	http://127.0.0.1/magento/media/catalog/product/a/w/aws005a_2.jpg	http://127.0.0.1/magento/media/catalog/product/a/w/aws005b_3.jpg	470.00	 	 	USD	in stock	 	2024-04-16	 	new	 	 	AmericanExpress,Cash,Check,Discover,MasterCard,Visa,WireTransfer
432	Hana Flat, Charcoal	Suede. Square toe. 1/4 flat heel. Padded leather insole and lining. Rubber outsole provides traction.	http://127.0.0.1/magento/hana-flat-charcoal-547.html	http://127.0.0.1/magento/media/catalog/product/a/w/aws010.jpg	 	210.00	 	 	USD	in stock	 	2024-04-16	 	new	 	 	AmericanExpress,Cash,Check,Discover,MasterCard,Visa,WireTransfer
433	Dorian Perforated Oxford	Polished leather upper. Perforated detail on toe. Oxford lace-up front. Leather lining and footbed. 1 rubber heel. Imported.	http://127.0.0.1/magento/dorian-preforated-oxford-548.html	http://127.0.0.1/magento/media/catalog/product/a/m/ams000a_2.jpg	http://127.0.0.1/magento/media/catalog/product/a/m/ams000b_2.jpg	410.00	 	 	USD	in stock	 	2024-04-16	 	new	 	 	AmericanExpress,Cash,Check,Discover,MasterCard,Visa,WireTransfer
434	Wingtip Cognac Oxford	Wingtip medallion toe oxford with contrast waxed cotton laces. Leather upper and lining. Leather sole. Made in Italy.	http://127.0.0.1/magento/wingtip-cognac-oxford-549.html	http://127.0.0.1/magento/media/catalog/product/a/m/ams005a_2.jpg	http://127.0.0.1/magento/media/catalog/product/a/m/ams005b_2.jpg	375.00	 	 	USD	in stock	 	2024-04-16	 	new	 	 	AmericanExpress,Cash,Check,Discover,MasterCard,Visa,WireTransfer
435	Suede Loafer, Navy	Suede loafer. Contrast stitching. Leather lined. Imported.	http://127.0.0.1/magento/suede-loafer-navy-550.html	http://127.0.0.1/magento/media/catalog/product/a/m/ams010a_2.jpg	http://127.0.0.1/magento/media/catalog/product/a/m/ams010b_2.jpg	310.00	 	 	USD	in stock	 	2024-04-16	 	new	 	 	AmericanExpress,Cash,Check,Discover,MasterCard,Visa,WireTransfer
446	MP3 Player with Audio	Includes a choice between our Compact MP3 player or our Digital Media Player and Earbuds or Headphones.	http://127.0.0.1/magento/mp3-player-with-audio.html	http://127.0.0.1/magento/media/catalog/product/h/d/hde012_2.jpg	http://127.0.0.1/magento/media/catalog/product/h/d/hde011_2.jpg,http://127.0.0.1/magento/media/catalog/product/h/d/hde010_2.jpg,http://127.0.0.1/magento/media/catalog/product/h/d/hde013__2.jpg,http://127.0.0.1/magento/media/catalog/product/h/d/hde012__2.jpg	185.00	 	 	USD	in stock	 	2024-04-16	 	new	 	 	AmericanExpress,Cash,Check,Discover,MasterCard,Visa,WireTransfer
399	Madison 8GB Digital Media Player	2.5-inch LCD screen for crisp, colorful video. Compatible with multiple audio formats. Available in 8GB. Earbuds not included.	http://127.0.0.1/magento/madison-8gb-digital-media-player.html	http://127.0.0.1/magento/media/catalog/product/h/d/hde012_3.jpg	 	150.00	 	 	USD	in stock	1.0000 kg	2024-04-16	 	new	 	 	AmericanExpress,Cash,Check,Discover,MasterCard,Visa,WireTransfer
397	Madison Earbuds	Balanced audio. Enhanced bass. Includes cable clip, diaphragm guard, cleaning tool, travel pouch and airline adapter.	http://127.0.0.1/magento/madison-earbuds.html	http://127.0.0.1/magento/media/catalog/product/h/d/hde010_1.jpg	 	35.00	 	 	USD	in stock	1.0000 kg	2024-04-16	 	new	 	 	AmericanExpress,Cash,Check,Discover,MasterCard,Visa,WireTransfer
398	Madison Overear Headphones	Steel and aluminum. Soft leather pivoting earcups and adjustable headband. Enhanced bass. Aggressive noise cancellation.	http://127.0.0.1/magento/madison-overear-headphones.html	http://127.0.0.1/magento/media/catalog/product/h/d/hde011_1.jpg	 	125.00	 	 	USD	in stock	1.0000 kg	2024-04-16	 	new	 	 	AmericanExpress,Cash,Check,Discover,MasterCard,Visa,WireTransfer
396	Large Camera Bag	Flap closure. Microfiber. 8.5 x 5 x 6 . Domestic.	http://127.0.0.1/magento/large-camera-bag.html	http://127.0.0.1/magento/media/catalog/product/h/d/hde006t.jpg	http://127.0.0.1/magento/media/catalog/product/h/d/hde006b_1.jpg,http://127.0.0.1/magento/media/catalog/product/h/d/hde006c.jpg	120.00	 	 	USD	in stock	1.0000 kg	2024-04-16	 	new	 	 	AmericanExpress,Cash,Check,Discover,MasterCard,Visa,WireTransfer
394	16GB Memory Card	16GB SD memory card. Shock, water, and xray resistant.	http://127.0.0.1/magento/16gb-memory-card.html	http://127.0.0.1/magento/media/catalog/product/h/d/hde004__1.jpg	 	30.00	 	 	USD	in stock	1.0000 kg	2024-04-16	 	new	 	 	AmericanExpress,Cash,Check,Discover,MasterCard,Visa,WireTransfer
395	8GB Memory Card	8GB SD memory card. Shock, water, and xray resistant.	http://127.0.0.1/magento/8gb-memory-card.html	http://127.0.0.1/magento/media/catalog/product/h/d/hde005_.jpg	 	20.00	 	 	USD	in stock	1.0000 kg	2024-04-16	 	new	 	 	AmericanExpress,Cash,Check,Discover,MasterCard,Visa,WireTransfer
445	Camera Travel Set	Includes our Camera Case, and your choice between our Digital Camera or our DSLR, 16GB or 8GB memory card, and 3-year or 5-year warranty.	http://127.0.0.1/magento/camera-travel-set.html	http://127.0.0.1/magento/media/catalog/product/h/d/hde001t_1.jpg	http://127.0.0.1/magento/media/catalog/product/h/d/hde003a.jpg,http://127.0.0.1/magento/media/catalog/product/h/d/hde006a.jpg,http://127.0.0.1/magento/media/catalog/product/h/d/hde004_2.jpg,http://127.0.0.1/magento/media/catalog/product/h/d/hde007_1.jpg	445.00	 	 	USD	in stock	 	2024-04-16	 	new	 	 	AmericanExpress,Cash,Check,Discover,MasterCard,Visa,WireTransfer
441	3-Year Warranty	3-Year coverage from date of purchase on hardware failures. Fixed or receive full replacement cost in 5 days or less - guaranteed. Free 2-way shipping for repairs. 100% parts and labor covered with no deductables. Fully transferable with gifts. Cancel anytime for a full refund within the first 30 days.	http://127.0.0.1/magento/3-year-warranty.html	http://127.0.0.1/magento/media/catalog/product/h/d/hde007_3.jpg	 	75.00	 	 	USD	in stock	 	2024-04-16	 	new	 	 	AmericanExpress,Cash,Check,Discover,MasterCard,Visa,WireTransfer
442	5-Year Warranty	5-Year coverage from date of purchase on hardware failures. Fixed or receive full replacement cost in 5 days or less - guaranteed. Free 2-way shipping for repairs. 100% parts and labor covered with no deductables. Fully transferable with gifts. Cancel anytime for a full refund within the first 30 days.	http://127.0.0.1/magento/5-year-warranty.html	http://127.0.0.1/magento/media/catalog/product/h/d/hde007_2.jpg	 	100.00	 	 	USD	in stock	 	2024-04-16	 	new	 	 	AmericanExpress,Cash,Check,Discover,MasterCard,Visa,WireTransfer
370	Isla Crossbody Handbag	Pebbled leather. Contrast stitching. Fold over flap with Fasten closure. Crossbody strap. 6 x 8 x 0.75 .	http://127.0.0.1/magento/isla-crossbody-handbag.html	http://127.0.0.1/magento/media/catalog/product/a/b/abl000_4.jpg	 	290.00	 	 	USD	in stock	1.0000 kg	2024-04-16	 	new	 	 	AmericanExpress,Cash,Check,Discover,MasterCard,Visa,WireTransfer
372	Flatiron Tablet Sleeve	Pebble textured leather tabled case. Top zip closure. Exterior zipper pocket. Fully lined with back wall slip pocket. 8.75 x 11 x .5 . Imported.	http://127.0.0.1/magento/leather-tablet-sleeve.html	http://127.0.0.1/magento/media/catalog/product/a/b/abl002b_1.jpg	http://127.0.0.1/magento/media/catalog/product/a/b/abl002a_1.jpg	150.00	 	 	USD	in stock	1.0000 kg	2024-04-16	 	new	 	 	AmericanExpress,Cash,Check,Discover,MasterCard,Visa,WireTransfer
375	Roller Suitcase	Zip closure. Water resistant hard polycarbonate shell. All direction spinner wheels. Retractable plastic handle. Cross strap interior. 29 x 20 x 13 .	http://127.0.0.1/magento/roller-suitcase.html	http://127.0.0.1/magento/media/catalog/product/a/b/abl005a_1.jpg	http://127.0.0.1/magento/media/catalog/product/a/b/abl005b_1.jpg	650.00	 	 	USD	in stock	1.0000 kg	2024-04-16	 	new	 	 	AmericanExpress,Cash,Check,Discover,MasterCard,Visa,WireTransfer
386	Herald Glass Vase	Blown glass. 10 diameter. 17 high. Imported.	http://127.0.0.1/magento/herald-glass-vase.html	http://127.0.0.1/magento/media/catalog/product/h/d/hdd000_1.jpg	 	110.00	 	 	USD	in stock	1.0000 kg	2024-04-16	 	new	 	 	AmericanExpress,Cash,Check,Discover,MasterCard,Visa,WireTransfer
389	Stone Salt and Pepper Shakers	Glazed stoneware. 2 diam. 5.5 x 5.5 coaster. Set of 2. Domestic.	http://127.0.0.1/magento/stone-salt-and-pepper-shakers.html	http://127.0.0.1/magento/media/catalog/product/h/d/hdd004_1.jpg	 	65.00	 	 	USD	in stock	1.0000 kg	2024-04-16	 	new	 	 	AmericanExpress,Cash,Check,Discover,MasterCard,Visa,WireTransfer
390	Fragrance Diffuser Reeds	8 diffuser reeds. 2oz fragrance oil. Decorative wood container.	http://127.0.0.1/magento/fragrance-diffuser-reeds.html	http://127.0.0.1/magento/media/catalog/product/h/d/hdd005_1.jpg	 	75.00	 	 	USD	in stock	1.0000 kg	2024-04-16	 	new	 	 	AmericanExpress,Cash,Check,Discover,MasterCard,Visa,WireTransfer
391	Geometric Candle Holders	Painted glass. Geometric pattern. Set of 3. Domestic.	http://127.0.0.1/magento/geometric-candle-holders.html	http://127.0.0.1/magento/media/catalog/product/h/d/hdd006_1.jpg	 	90.00	 	 	USD	in stock	1.0000 kg	2024-04-16	 	new	 	 	AmericanExpress,Cash,Check,Discover,MasterCard,Visa,WireTransfer
415	The Essential Boot Cut Jean	Lightly faded cotton denim. Sits below waist. Slim through hip and thigh. 15 leg opening. Zip fly. Machine wash.	http://127.0.0.1/magento/the-essential-boot-cut-jean-541.html	http://127.0.0.1/magento/media/catalog/product/m/p/mpd006t_2.jpg	http://127.0.0.1/magento/media/catalog/product/m/p/mpd006a.jpg,http://127.0.0.1/magento/media/catalog/product/m/p/mpd006b.jpg	140.00	 	 	USD	in stock	 	2024-04-16	 	new	 	 	AmericanExpress,Cash,Check,Discover,MasterCard,Visa,WireTransfer
416	Flat Front Trouser	Flat front trouser. Slim through the hip thigh and ankle. Zip fly. Lined. 100% wool. Dry clean.	http://127.0.0.1/magento/flat-front-trouser-542.html	http://127.0.0.1/magento/media/catalog/product/m/p/mpd012t.jpg	http://127.0.0.1/magento/media/catalog/product/m/p/mpd012a_2.jpg,http://127.0.0.1/magento/media/catalog/product/m/p/mpd012b_2.jpg	195.00	 	 	USD	in stock	 	2024-04-16	 	new	 	 	AmericanExpress,Cash,Check,Discover,MasterCard,Visa,WireTransfer
422	Essex Pencil Skirt	Knee length skirt. Sits on natural waist. Fitted through the hip. Exposed waist belt loops. Hidden zip and hook and eye closure in back. Full lining. Wool/cotton/polyester. Machine wash.	http://127.0.0.1/magento/essex-pencil-skirt-527.html	http://127.0.0.1/magento/media/catalog/product/w/s/wsd000t.jpg	http://127.0.0.1/magento/media/catalog/product/w/s/wsd000a_2.jpg,http://127.0.0.1/magento/media/catalog/product/w/s/wsd000b_2.jpg	185.00	 	 	USD	in stock	 	2024-04-16	 	new	 	 	AmericanExpress,Cash,Check,Discover,MasterCard,Visa,WireTransfer
424	Ludlow Sheath Dress	Sleeveless, jewel neckline with deep Vee in back. Fitted through waist and hip. 100% polyester lining. Cotton/wool. Dry clean.	http://127.0.0.1/magento/ludlow-sheath-dress.html	http://127.0.0.1/magento/media/catalog/product/w/s/wsd008t_2.jpg	http://127.0.0.1/magento/media/catalog/product/w/s/wsd008a_2.jpg,http://127.0.0.1/magento/media/catalog/product/w/s/wsd008b_2.jpg	305.00	 	 	USD	in stock	 	2024-04-16	 	new	 	 	AmericanExpress,Cash,Check,Discover,MasterCard,Visa,WireTransfer
436	Classic Hardshell Suitcase	Water resistant hard polycarbonate shell. All direction spinner wheels. Zip closure. Locking, retractable metal handle. Cross strap and self repairing zipper interior. Padded side handle for lateral carry. 21 x 17 x 10 .	http://127.0.0.1/magento/classic-hardshell-suitcase-583.html	http://127.0.0.1/magento/media/catalog/product/a/b/abl0006a_1.jpg	http://127.0.0.1/magento/media/catalog/product/a/b/abl006b_2.jpg	600.00	 	 	USD	in stock	 	2024-04-16	 	new	 	 	AmericanExpress,Cash,Check,Discover,MasterCard,Visa,WireTransfer
437	Modern Murray Ceramic Vase	Ceramic. 5.5 diameter, 12 high.	http://127.0.0.1/magento/modern-murray-ceramic-vase-480.html	http://127.0.0.1/magento/media/catalog/product/h/d/hdd001_2.jpg	http://127.0.0.1/magento/media/catalog/product/h/d/hdd002_2.jpg	55.00	 	 	USD	in stock	 	2024-04-16	 	new	 	 	AmericanExpress,Cash,Check,Discover,MasterCard,Visa,WireTransfer
439	Luggage Set	Water resistant hard polycarbonate shell. All direction spinner wheels. Zip closure. Locking, retractable metal handle. Cross strap and self repairing zipper interior. Padded side handle for lateral carry. 21 x 17 x 10 and/or 29 x 20 x 13 .	http://127.0.0.1/magento/luggage-set.html	http://127.0.0.1/magento/media/catalog/product/a/b/abl0008.jpg	 	600.00	 	 	USD	in stock	 	2024-04-16	 	new	 	 	AmericanExpress,Cash,Check,Discover,MasterCard,Visa,WireTransfer
440	Vase Set	Ceramic. 5.5 diameter, 12 high. Domestic.	http://127.0.0.1/magento/vase-set.html	http://127.0.0.1/magento/media/catalog/product/h/d/hdd003.jpg	http://127.0.0.1/magento/media/catalog/product/h/d/hdd001_3.jpg,http://127.0.0.1/magento/media/catalog/product/h/d/hdd002_3.jpg	135.00	 	 	USD	in stock	 	2024-04-16	 	new	 	 	AmericanExpress,Cash,Check,Discover,MasterCard,Visa,WireTransfer
405	Sullivan Sport Coat	Two button, single vented, notched lapels. Three buttons at cuff. Interior buttoned welt pockets. Full polyester lining. 100% wool. Dry clean.	http://127.0.0.1/magento/oxford-sport-coat-474.html	http://127.0.0.1/magento/media/catalog/product/m/s/msj009t.jpg	http://127.0.0.1/magento/media/catalog/product/m/s/msj009a_2.jpg,http://127.0.0.1/magento/media/catalog/product/m/s/msj009b_2.jpg	510.00	 	 	USD	in stock	 	2024-04-16	 	new	 	 	AmericanExpress,Cash,Check,Discover,MasterCard,Visa,WireTransfer
407	Stretch Cotton Blazer	Two button, single vented, notched lapels. Slim cut through the shoulders chest and waist. Flap pockets, welt inside chest pockets. Cotton/lycra. Dry clean.	http://127.0.0.1/magento/stretch-cotton-blazer-582.html	http://127.0.0.1/magento/media/catalog/product/m/s/msj015t_1.jpg	http://127.0.0.1/magento/media/catalog/product/m/s/msj015a_1.jpg,http://127.0.0.1/magento/media/catalog/product/m/s/msj015b.jpg	490.00	 	 	USD	in stock	 	2024-04-16	 	new	 	 	AmericanExpress,Cash,Check,Discover,MasterCard,Visa,WireTransfer
373	Broad St. Flapover Briefcase	Leather, with flap closure. Padded carrying handles. Main compartment has padded laptop pocket, file section and organizer panel. Quick access back pocket. Padded adjustable shoulder strap. 16 x 12 x 3.5 . Domestic.	http://127.0.0.1/magento/flapover-briefcase.html	http://127.0.0.1/magento/media/catalog/product/a/b/abl003b_1.jpg	http://127.0.0.1/magento/media/catalog/product/a/b/abl003a_1.jpg	570.00	 	 	USD	in stock	1.0000 kg	2024-04-16	 	new	 	 	AmericanExpress,Cash,Check,Discover,MasterCard,Visa,WireTransfer
374	Houston Travel Wallet	Leather. 4 x 6.5 x 0.5	http://127.0.0.1/magento/rolls-travel-wallet.html	http://127.0.0.1/magento/media/catalog/product/a/b/abl004a_1.jpg	http://127.0.0.1/magento/media/catalog/product/a/b/abl004b_1.jpg	210.00	 	 	USD	in stock	1.0000 kg	2024-04-16	 	new	 	 	AmericanExpress,Cash,Check,Discover,MasterCard,Visa,WireTransfer